segment_id,segment_index,source_file,sample_rate,channels,start,end,duration,audio_filepath,text
hopdaothanh_00000.wav,0,hopdaothanh.m4a,16000,1,97.482,101.814,4.332,/content/drive/MyDrive/ASR_Dataset/segments/hopdaothanh_00000.wav,
hopdaothanh_00001.wav,1,hopdaothanh.m4a,16000,1,127.018,130.134,3.116,/content/drive/MyDrive/ASR_Dataset/segments/hopdaothanh_00001.wav,
hopdaothanh_00002.wav,2,hopdaothanh.m4a,16000,1,133.098,140.534,7.436,/content/drive/MyDrive/ASR_Dataset/segments/hopdaothanh_00002.wav,
hopdaothanh_00003.wav,3,hopdaothanh.m4a,16000,1,141.098,148.342,7.244,/content/drive/MyDrive/ASR_Dataset/segments/hopdaothanh_00003.wav,
hopdaothanh_00004.wav,4,hopdaothanh.m4a,16000,1,149.322,162.902,13.58,/content/drive/MyDrive/ASR_Dataset/segments/hopdaothanh_00004.wav,
hopdaothanh_00005.wav,5,hopdaothanh.m4a,16000,1,165.162,170.966,5.804,/content/drive/MyDrive/ASR_Dataset/segments/hopdaothanh_00005.wav,
hopdaothanh_00006.wav,6,hopdaothanh.m4a,16000,1,176.682,180.278,3.596,/content/drive/MyDrive/ASR_Dataset/segments/hopdaothanh_00006.wav,
hopdaothanh_00007.wav,7,hopdaothanh.m4a,16000,1,180.81,184.822,4.012,/content/drive/MyDrive/ASR_Dataset/segments/hopdaothanh_00007.wav,
hopdaothanh_00008.wav,8,hopdaothanh.m4a,16000,1,185.386,193.558,8.172,/content/drive/MyDrive/ASR_Dataset/segments/hopdaothanh_00008.wav,
hopdaothanh_00009.wav,9,hopdaothanh.m4a,16000,1,199.594,203.798,4.204,/content/drive/MyDrive/ASR_Dataset/segments/hopdaothanh_00009.wav,
hopdaothanh_00010.wav,10,hopdaothanh.m4a,16000,1,205.514,215.734,10.22,/content/drive/MyDrive/ASR_Dataset/segments/hopdaothanh_00010.wav,
hopdaothanh_00011.wav,11,hopdaothanh.m4a,16000,1,218.122,226.55,8.428,/content/drive/MyDrive/ASR_Dataset/segments/hopdaothanh_00011.wav,
hopdaothanh_00012.wav,12,hopdaothanh.m4a,16000,1,226.73,233.878,7.148,/content/drive/MyDrive/ASR_Dataset/segments/hopdaothanh_00012.wav,
hopdaothanh_00013.wav,13,hopdaothanh.m4a,16000,1,234.666,244.694,10.028,/content/drive/MyDrive/ASR_Dataset/segments/hopdaothanh_00013.wav,
hopdaothanh_00014.wav,14,hopdaothanh.m4a,16000,1,245.354,257.846,12.492,/content/drive/MyDrive/ASR_Dataset/segments/hopdaothanh_00014.wav,
hopdaothanh_00015.wav,15,hopdaothanh.m4a,16000,1,258.858,268.726,9.868,/content/drive/MyDrive/ASR_Dataset/segments/hopdaothanh_00015.wav,
hopdaothanh_00016.wav,16,hopdaothanh.m4a,16000,1,272.106,279.734,7.628,/content/drive/MyDrive/ASR_Dataset/segments/hopdaothanh_00016.wav,
hopdaothanh_00017.wav,17,hopdaothanh.m4a,16000,1,280.33,284.214,3.884,/content/drive/MyDrive/ASR_Dataset/segments/hopdaothanh_00017.wav,
hopdaothanh_00018.wav,18,hopdaothanh.m4a,16000,1,285.642,295.03,9.388,/content/drive/MyDrive/ASR_Dataset/segments/hopdaothanh_00018.wav,
hopdaothanh_00019.wav,19,hopdaothanh.m4a,16000,1,295.178,304.086,8.908,/content/drive/MyDrive/ASR_Dataset/segments/hopdaothanh_00019.wav,
hopdaothanh_00020.wav,20,hopdaothanh.m4a,16000,1,304.618,319.51,14.892,/content/drive/MyDrive/ASR_Dataset/segments/hopdaothanh_00020.wav,
hopdaothanh_00021.wav,21,hopdaothanh.m4a,16000,1,320.394,326.582,6.188,/content/drive/MyDrive/ASR_Dataset/segments/hopdaothanh_00021.wav,
hopdaothanh_00022.wav,22,hopdaothanh.m4a,16000,1,327.722,341.334,13.612,/content/drive/MyDrive/ASR_Dataset/segments/hopdaothanh_00022.wav,
hopdaothanh_00023.wav,23,hopdaothanh.m4a,16000,1,341.61,345.142,3.532,/content/drive/MyDrive/ASR_Dataset/segments/hopdaothanh_00023.wav,
hopdaothanh_00024.wav,24,hopdaothanh.m4a,16000,1,346.602,361.27,14.668,/content/drive/MyDrive/ASR_Dataset/segments/hopdaothanh_00024.wav,
hopdaothanh_00025.wav,25,hopdaothanh.m4a,16000,1,361.514,366.934,5.42,/content/drive/MyDrive/ASR_Dataset/segments/hopdaothanh_00025.wav,
hopdaothanh_00026.wav,26,hopdaothanh.m4a,16000,1,367.69,370.87,3.18,/content/drive/MyDrive/ASR_Dataset/segments/hopdaothanh_00026.wav,
hopdaothanh_00027.wav,27,hopdaothanh.m4a,16000,1,373.162,377.206,4.044,/content/drive/MyDrive/ASR_Dataset/segments/hopdaothanh_00027.wav,
hopdaothanh_00028.wav,28,hopdaothanh.m4a,16000,1,377.866,382.934,5.068,/content/drive/MyDrive/ASR_Dataset/segments/hopdaothanh_00028.wav,
hopdaothanh_00029.wav,29,hopdaothanh.m4a,16000,1,385.034,389.206,4.172,/content/drive/MyDrive/ASR_Dataset/segments/hopdaothanh_00029.wav,
hopdaothanh_00030.wav,30,hopdaothanh.m4a,16000,1,389.418,400.79,11.372,/content/drive/MyDrive/ASR_Dataset/segments/hopdaothanh_00030.wav,
hopdaothanh_00031.wav,31,hopdaothanh.m4a,16000,1,406.026,412.022,5.996,/content/drive/MyDrive/ASR_Dataset/segments/hopdaothanh_00031.wav,
hopdaothanh_00032.wav,32,hopdaothanh.m4a,16000,1,415.082,425.078,9.996,/content/drive/MyDrive/ASR_Dataset/segments/hopdaothanh_00032.wav,
hopdaothanh_00033.wav,33,hopdaothanh.m4a,16000,1,425.738,432.118,6.38,/content/drive/MyDrive/ASR_Dataset/segments/hopdaothanh_00033.wav,
hopdaothanh_00034.wav,34,hopdaothanh.m4a,16000,1,434.154,441.398,7.244,/content/drive/MyDrive/ASR_Dataset/segments/hopdaothanh_00034.wav,
hopdaothanh_00035.wav,35,hopdaothanh.m4a,16000,1,442.826,448.502,5.676,/content/drive/MyDrive/ASR_Dataset/segments/hopdaothanh_00035.wav,
hopdaothanh_00036.wav,36,hopdaothanh.m4a,16000,1,450.602,456.598,5.996,/content/drive/MyDrive/ASR_Dataset/segments/hopdaothanh_00036.wav,
hopdaothanh_00037.wav,37,hopdaothanh.m4a,16000,1,457.77,465.558,7.788,/content/drive/MyDrive/ASR_Dataset/segments/hopdaothanh_00037.wav,
hopdaothanh_00038.wav,38,hopdaothanh.m4a,16000,1,468.138,476.246,8.108,/content/drive/MyDrive/ASR_Dataset/segments/hopdaothanh_00038.wav,
hopdaothanh_00039.wav,39,hopdaothanh.m4a,16000,1,477.002,481.142,4.14,/content/drive/MyDrive/ASR_Dataset/segments/hopdaothanh_00039.wav,
hopdaothanh_00040.wav,40,hopdaothanh.m4a,16000,1,485.77,492.342,6.572,/content/drive/MyDrive/ASR_Dataset/segments/hopdaothanh_00040.wav,
hopdaothanh_00041.wav,41,hopdaothanh.m4a,16000,1,492.874,497.91,5.036,/content/drive/MyDrive/ASR_Dataset/segments/hopdaothanh_00041.wav,
hopdaothanh_00042.wav,42,hopdaothanh.m4a,16000,1,501.93,505.43,3.5,/content/drive/MyDrive/ASR_Dataset/segments/hopdaothanh_00042.wav,
hopdaothanh_00043.wav,43,hopdaothanh.m4a,16000,1,506.346,511.158,4.812,/content/drive/MyDrive/ASR_Dataset/segments/hopdaothanh_00043.wav,
hopdaothanh_00044.wav,44,hopdaothanh.m4a,16000,1,518.538,526.55,8.012,/content/drive/MyDrive/ASR_Dataset/segments/hopdaothanh_00044.wav,
hopdaothanh_00045.wav,45,hopdaothanh.m4a,16000,1,526.794,536.182,9.388,/content/drive/MyDrive/ASR_Dataset/segments/hopdaothanh_00045.wav,
hopdaothanh_00046.wav,46,hopdaothanh.m4a,16000,1,536.81,540.662,3.852,/content/drive/MyDrive/ASR_Dataset/segments/hopdaothanh_00046.wav,
hopdaothanh_00047.wav,47,hopdaothanh.m4a,16000,1,541.674,548.118,6.444,/content/drive/MyDrive/ASR_Dataset/segments/hopdaothanh_00047.wav,
hopdaothanh_00048.wav,48,hopdaothanh.m4a,16000,1,549.066,553.526,4.46,/content/drive/MyDrive/ASR_Dataset/segments/hopdaothanh_00048.wav,
hopdaothanh_00049.wav,49,hopdaothanh.m4a,16000,1,556.01,560.47,4.46,/content/drive/MyDrive/ASR_Dataset/segments/hopdaothanh_00049.wav,
hopdaothanh_00050.wav,50,hopdaothanh.m4a,16000,1,561.034,575.03,13.996,/content/drive/MyDrive/ASR_Dataset/segments/hopdaothanh_00050.wav,
hopdaothanh_00051.wav,51,hopdaothanh.m4a,16000,1,575.914,579.83,3.916,/content/drive/MyDrive/ASR_Dataset/segments/hopdaothanh_00051.wav,
hopdaothanh_00052.wav,52,hopdaothanh.m4a,16000,1,581.418,584.95,3.532,/content/drive/MyDrive/ASR_Dataset/segments/hopdaothanh_00052.wav,
hopdaothanh_00053.wav,53,hopdaothanh.m4a,16000,1,594.09,599.894,5.804,/content/drive/MyDrive/ASR_Dataset/segments/hopdaothanh_00053.wav,
hopdaothanh_00054.wav,54,hopdaothanh.m4a,16000,1,600.49,603.926,3.436,/content/drive/MyDrive/ASR_Dataset/segments/hopdaothanh_00054.wav,
hopdaothanh_00055.wav,55,hopdaothanh.m4a,16000,1,604.586,610.614,6.028,/content/drive/MyDrive/ASR_Dataset/segments/hopdaothanh_00055.wav,
hopdaothanh_00056.wav,56,hopdaothanh.m4a,16000,1,615.05,620.502,5.452,/content/drive/MyDrive/ASR_Dataset/segments/hopdaothanh_00056.wav,
hopdaothanh_00057.wav,57,hopdaothanh.m4a,16000,1,621.546,626.422,4.876,/content/drive/MyDrive/ASR_Dataset/segments/hopdaothanh_00057.wav,
hopdaothanh_00058.wav,58,hopdaothanh.m4a,16000,1,631.53,643.926,12.396,/content/drive/MyDrive/ASR_Dataset/segments/hopdaothanh_00058.wav,
hopdaothanh_00059.wav,59,hopdaothanh.m4a,16000,1,644.106,651.158,7.052,/content/drive/MyDrive/ASR_Dataset/segments/hopdaothanh_00059.wav,
hopdaothanh_00060.wav,60,hopdaothanh.m4a,16000,1,653.162,661.078,7.916,/content/drive/MyDrive/ASR_Dataset/segments/hopdaothanh_00060.wav,
hopdaothanh_00061.wav,61,hopdaothanh.m4a,16000,1,664.298,677.59,13.292,/content/drive/MyDrive/ASR_Dataset/segments/hopdaothanh_00061.wav,
hopdaothanh_00062.wav,62,hopdaothanh.m4a,16000,1,678.026,682.262,4.236,/content/drive/MyDrive/ASR_Dataset/segments/hopdaothanh_00062.wav,
hopdaothanh_00063.wav,63,hopdaothanh.m4a,16000,1,682.538,695.542,13.004,/content/drive/MyDrive/ASR_Dataset/segments/hopdaothanh_00063.wav,
hopdaothanh_00064.wav,64,hopdaothanh.m4a,16000,1,695.882,699.638,3.756,/content/drive/MyDrive/ASR_Dataset/segments/hopdaothanh_00064.wav,
hopdaothanh_00065.wav,65,hopdaothanh.m4a,16000,1,700.234,703.734,3.5,/content/drive/MyDrive/ASR_Dataset/segments/hopdaothanh_00065.wav,
hopdaothanh_00066.wav,66,hopdaothanh.m4a,16000,1,704.394,712.342,7.948,/content/drive/MyDrive/ASR_Dataset/segments/hopdaothanh_00066.wav,
hopdaothanh_00067.wav,67,hopdaothanh.m4a,16000,1,713.546,721.206,7.66,/content/drive/MyDrive/ASR_Dataset/segments/hopdaothanh_00067.wav,
hopdaothanh_00068.wav,68,hopdaothanh.m4a,16000,1,727.69,741.622,13.932,/content/drive/MyDrive/ASR_Dataset/segments/hopdaothanh_00068.wav,
hopdaothanh_00069.wav,69,hopdaothanh.m4a,16000,1,745.194,750.934,5.74,/content/drive/MyDrive/ASR_Dataset/segments/hopdaothanh_00069.wav,
hopdaothanh_00070.wav,70,hopdaothanh.m4a,16000,1,752.042,758.518,6.476,/content/drive/MyDrive/ASR_Dataset/segments/hopdaothanh_00070.wav,
hopdaothanh_00071.wav,71,hopdaothanh.m4a,16000,1,759.146,763.062,3.916,/content/drive/MyDrive/ASR_Dataset/segments/hopdaothanh_00071.wav,
hopdaothanh_00072.wav,72,hopdaothanh.m4a,16000,1,766.73,771.958,5.228,/content/drive/MyDrive/ASR_Dataset/segments/hopdaothanh_00072.wav,
hopdaothanh_00073.wav,73,hopdaothanh.m4a,16000,1,774.73,777.942,3.212,/content/drive/MyDrive/ASR_Dataset/segments/hopdaothanh_00073.wav,
hopdaothanh_00074.wav,74,hopdaothanh.m4a,16000,1,779.018,793.046,14.028,/content/drive/MyDrive/ASR_Dataset/segments/hopdaothanh_00074.wav,
hopdaothanh_00075.wav,75,hopdaothanh.m4a,16000,1,794.058,804.79,10.732,/content/drive/MyDrive/ASR_Dataset/segments/hopdaothanh_00075.wav,
hopdaothanh_00076.wav,76,hopdaothanh.m4a,16000,1,805.61,817.462,11.852,/content/drive/MyDrive/ASR_Dataset/segments/hopdaothanh_00076.wav,
hopdaothanh_00077.wav,77,hopdaothanh.m4a,16000,1,817.674,820.854,3.18,/content/drive/MyDrive/ASR_Dataset/segments/hopdaothanh_00077.wav,
hopdaothanh_00078.wav,78,hopdaothanh.m4a,16000,1,822.346,831.35,9.004,/content/drive/MyDrive/ASR_Dataset/segments/hopdaothanh_00078.wav,
hopdaothanh_00079.wav,79,hopdaothanh.m4a,16000,1,832.042,839.158,7.116,/content/drive/MyDrive/ASR_Dataset/segments/hopdaothanh_00079.wav,
hopdaothanh_00080.wav,80,hopdaothanh.m4a,16000,1,841.386,844.726,3.34,/content/drive/MyDrive/ASR_Dataset/segments/hopdaothanh_00080.wav,
hopdaothanh_00081.wav,81,hopdaothanh.m4a,16000,1,845.386,853.078,7.692,/content/drive/MyDrive/ASR_Dataset/segments/hopdaothanh_00081.wav,
hopdaothanh_00082.wav,82,hopdaothanh.m4a,16000,1,853.802,859.03,5.228,/content/drive/MyDrive/ASR_Dataset/segments/hopdaothanh_00082.wav,
hopdaothanh_00083.wav,83,hopdaothanh.m4a,16000,1,863.658,873.302,9.644,/content/drive/MyDrive/ASR_Dataset/segments/hopdaothanh_00083.wav,
hopdaothanh_00084.wav,84,hopdaothanh.m4a,16000,1,874.378,880.438,6.06,/content/drive/MyDrive/ASR_Dataset/segments/hopdaothanh_00084.wav,
hopdaothanh_00085.wav,85,hopdaothanh.m4a,16000,1,886.794,892.374,5.58,/content/drive/MyDrive/ASR_Dataset/segments/hopdaothanh_00085.wav,
hopdaothanh_00086.wav,86,hopdaothanh.m4a,16000,1,894.282,903.318,9.036,/content/drive/MyDrive/ASR_Dataset/segments/hopdaothanh_00086.wav,
hopdaothanh_00087.wav,87,hopdaothanh.m4a,16000,1,904.362,908.246,3.884,/content/drive/MyDrive/ASR_Dataset/segments/hopdaothanh_00087.wav,
hopdaothanh_00088.wav,88,hopdaothanh.m4a,16000,1,908.81,916.31,7.5,/content/drive/MyDrive/ASR_Dataset/segments/hopdaothanh_00088.wav,
hopdaothanh_00089.wav,89,hopdaothanh.m4a,16000,1,916.906,920.438,3.532,/content/drive/MyDrive/ASR_Dataset/segments/hopdaothanh_00089.wav,
hopdaothanh_00090.wav,90,hopdaothanh.m4a,16000,1,921.77,925.046,3.276,/content/drive/MyDrive/ASR_Dataset/segments/hopdaothanh_00090.wav,
hopdaothanh_00091.wav,91,hopdaothanh.m4a,16000,1,927.786,933.462,5.676,/content/drive/MyDrive/ASR_Dataset/segments/hopdaothanh_00091.wav,
hopdaothanh_00092.wav,92,hopdaothanh.m4a,16000,1,934.858,942.134,7.276,/content/drive/MyDrive/ASR_Dataset/segments/hopdaothanh_00092.wav,
hopdaothanh_00093.wav,93,hopdaothanh.m4a,16000,1,943.05,948.598,5.548,/content/drive/MyDrive/ASR_Dataset/segments/hopdaothanh_00093.wav,
hopdaothanh_00094.wav,94,hopdaothanh.m4a,16000,1,977.674,984.598,6.924,/content/drive/MyDrive/ASR_Dataset/segments/hopdaothanh_00094.wav,
hopdaothanh_00095.wav,95,hopdaothanh.m4a,16000,1,985.002,994.55,9.548,/content/drive/MyDrive/ASR_Dataset/segments/hopdaothanh_00095.wav,
hopdaothanh_00096.wav,96,hopdaothanh.m4a,16000,1,995.402,1008.246,12.844,/content/drive/MyDrive/ASR_Dataset/segments/hopdaothanh_00096.wav,
hopdaothanh_00097.wav,97,hopdaothanh.m4a,16000,1,1009.226,1014.294,5.068,/content/drive/MyDrive/ASR_Dataset/segments/hopdaothanh_00097.wav,
hopdaothanh_00098.wav,98,hopdaothanh.m4a,16000,1,1014.986,1023.638,8.652,/content/drive/MyDrive/ASR_Dataset/segments/hopdaothanh_00098.wav,
hopdaothanh_00099.wav,99,hopdaothanh.m4a,16000,1,1024.17,1030.23,6.06,/content/drive/MyDrive/ASR_Dataset/segments/hopdaothanh_00099.wav,
hopdaothanh_00100.wav,100,hopdaothanh.m4a,16000,1,1031.146,1041.526,10.38,/content/drive/MyDrive/ASR_Dataset/segments/hopdaothanh_00100.wav,
hopdaothanh_00101.wav,101,hopdaothanh.m4a,16000,1,1043.658,1055.574,11.916,/content/drive/MyDrive/ASR_Dataset/segments/hopdaothanh_00101.wav,
hopdaothanh_00102.wav,102,hopdaothanh.m4a,16000,1,1055.85,1062.742,6.892,/content/drive/MyDrive/ASR_Dataset/segments/hopdaothanh_00102.wav,
hopdaothanh_00103.wav,103,hopdaothanh.m4a,16000,1,1063.69,1069.302,5.612,/content/drive/MyDrive/ASR_Dataset/segments/hopdaothanh_00103.wav,
hopdaothanh_00104.wav,104,hopdaothanh.m4a,16000,1,1069.994,1076.726,6.732,/content/drive/MyDrive/ASR_Dataset/segments/hopdaothanh_00104.wav,
hopdaothanh_00105.wav,105,hopdaothanh.m4a,16000,1,1078.506,1088.246,9.74,/content/drive/MyDrive/ASR_Dataset/segments/hopdaothanh_00105.wav,
hopdaothanh_00106.wav,106,hopdaothanh.m4a,16000,1,1088.65,1093.686,5.036,/content/drive/MyDrive/ASR_Dataset/segments/hopdaothanh_00106.wav,
hopdaothanh_00107.wav,107,hopdaothanh.m4a,16000,1,1094.378,1109.142,14.764,/content/drive/MyDrive/ASR_Dataset/segments/hopdaothanh_00107.wav,
hopdaothanh_00108.wav,108,hopdaothanh.m4a,16000,1,1109.322,1114.838,5.516,/content/drive/MyDrive/ASR_Dataset/segments/hopdaothanh_00108.wav,
hopdaothanh_00109.wav,109,hopdaothanh.m4a,16000,1,1115.594,1126.39,10.796,/content/drive/MyDrive/ASR_Dataset/segments/hopdaothanh_00109.wav,
hopdaothanh_00110.wav,110,hopdaothanh.m4a,16000,1,1127.082,1132.246,5.164,/content/drive/MyDrive/ASR_Dataset/segments/hopdaothanh_00110.wav,
hopdaothanh_00111.wav,111,hopdaothanh.m4a,16000,1,1133.002,1136.31,3.308,/content/drive/MyDrive/ASR_Dataset/segments/hopdaothanh_00111.wav,
hopdaothanh_00112.wav,112,hopdaothanh.m4a,16000,1,1139.434,1151.766,12.332,/content/drive/MyDrive/ASR_Dataset/segments/hopdaothanh_00112.wav,
hopdaothanh_00113.wav,113,hopdaothanh.m4a,16000,1,1155.338,1165.27,9.932,/content/drive/MyDrive/ASR_Dataset/segments/hopdaothanh_00113.wav,
hopdaothanh_00114.wav,114,hopdaothanh.m4a,16000,1,1165.77,1178.134,12.364,/content/drive/MyDrive/ASR_Dataset/segments/hopdaothanh_00114.wav,
hopdaothanh_00115.wav,115,hopdaothanh.m4a,16000,1,1178.826,1182.23,3.404,/content/drive/MyDrive/ASR_Dataset/segments/hopdaothanh_00115.wav,
hopdaothanh_00116.wav,116,hopdaothanh.m4a,16000,1,1184.17,1188.022,3.852,/content/drive/MyDrive/ASR_Dataset/segments/hopdaothanh_00116.wav,
hopdaothanh_00117.wav,117,hopdaothanh.m4a,16000,1,1188.682,1196.022,7.34,/content/drive/MyDrive/ASR_Dataset/segments/hopdaothanh_00117.wav,
hopdaothanh_00118.wav,118,hopdaothanh.m4a,16000,1,1203.274,1217.59,14.316,/content/drive/MyDrive/ASR_Dataset/segments/hopdaothanh_00118.wav,
hopdaothanh_00119.wav,119,hopdaothanh.m4a,16000,1,1217.834,1227.766,9.932,/content/drive/MyDrive/ASR_Dataset/segments/hopdaothanh_00119.wav,
hopdaothanh_00120.wav,120,hopdaothanh.m4a,16000,1,1229.066,1236.79,7.724,/content/drive/MyDrive/ASR_Dataset/segments/hopdaothanh_00120.wav,
hopdaothanh_00121.wav,121,hopdaothanh.m4a,16000,1,1243.626,1257.782,14.156,/content/drive/MyDrive/ASR_Dataset/segments/hopdaothanh_00121.wav,
hopdaothanh_00122.wav,122,hopdaothanh.m4a,16000,1,1258.058,1267.446,9.388,/content/drive/MyDrive/ASR_Dataset/segments/hopdaothanh_00122.wav,
hopdaothanh_00123.wav,123,hopdaothanh.m4a,16000,1,1268.01,1275.35,7.34,/content/drive/MyDrive/ASR_Dataset/segments/hopdaothanh_00123.wav,
hopdaothanh_00124.wav,124,hopdaothanh.m4a,16000,1,1279.722,1292.822,13.1,/content/drive/MyDrive/ASR_Dataset/segments/hopdaothanh_00124.wav,
hopdaothanh_00125.wav,125,hopdaothanh.m4a,16000,1,1293.578,1297.782,4.204,/content/drive/MyDrive/ASR_Dataset/segments/hopdaothanh_00125.wav,
hopdaothanh_00126.wav,126,hopdaothanh.m4a,16000,1,1299.722,1311.478,11.756,/content/drive/MyDrive/ASR_Dataset/segments/hopdaothanh_00126.wav,
hopdaothanh_00127.wav,127,hopdaothanh.m4a,16000,1,1312.842,1319.862,7.02,/content/drive/MyDrive/ASR_Dataset/segments/hopdaothanh_00127.wav,
hopdaothanh_00128.wav,128,hopdaothanh.m4a,16000,1,1320.394,1331.126,10.732,/content/drive/MyDrive/ASR_Dataset/segments/hopdaothanh_00128.wav,
hopdaothanh_00129.wav,129,hopdaothanh.m4a,16000,1,1332.106,1338.326,6.22,/content/drive/MyDrive/ASR_Dataset/segments/hopdaothanh_00129.wav,
hopdaothanh_00130.wav,130,hopdaothanh.m4a,16000,1,1339.786,1347.254,7.468,/content/drive/MyDrive/ASR_Dataset/segments/hopdaothanh_00130.wav,
hopdaothanh_00131.wav,131,hopdaothanh.m4a,16000,1,1348.65,1352.086,3.436,/content/drive/MyDrive/ASR_Dataset/segments/hopdaothanh_00131.wav,
hopdaothanh_00132.wav,132,hopdaothanh.m4a,16000,1,1353.322,1367.99,14.668,/content/drive/MyDrive/ASR_Dataset/segments/hopdaothanh_00132.wav,
hopdaothanh_00133.wav,133,hopdaothanh.m4a,16000,1,1368.65,1375.702,7.052,/content/drive/MyDrive/ASR_Dataset/segments/hopdaothanh_00133.wav,
hopdaothanh_00134.wav,134,hopdaothanh.m4a,16000,1,1377.098,1385.302,8.204,/content/drive/MyDrive/ASR_Dataset/segments/hopdaothanh_00134.wav,
hopdaothanh_00135.wav,135,hopdaothanh.m4a,16000,1,1390.154,1397.526,7.372,/content/drive/MyDrive/ASR_Dataset/segments/hopdaothanh_00135.wav,
hopdaothanh_00136.wav,136,hopdaothanh.m4a,16000,1,1411.85,1415.734,3.884,/content/drive/MyDrive/ASR_Dataset/segments/hopdaothanh_00136.wav,
hopdaothanh_00137.wav,137,hopdaothanh.m4a,16000,1,1416.266,1423.702,7.436,/content/drive/MyDrive/ASR_Dataset/segments/hopdaothanh_00137.wav,
hopdaothanh_00138.wav,138,hopdaothanh.m4a,16000,1,1424.586,1431.286,6.7,/content/drive/MyDrive/ASR_Dataset/segments/hopdaothanh_00138.wav,
hopdaothanh_00139.wav,139,hopdaothanh.m4a,16000,1,1454.378,1463.414,9.036,/content/drive/MyDrive/ASR_Dataset/segments/hopdaothanh_00139.wav,
hopdaothanh_00140.wav,140,hopdaothanh.m4a,16000,1,1463.946,1467.51,3.564,/content/drive/MyDrive/ASR_Dataset/segments/hopdaothanh_00140.wav,
hopdaothanh_00141.wav,141,hopdaothanh.m4a,16000,1,1468.138,1472.982,4.844,/content/drive/MyDrive/ASR_Dataset/segments/hopdaothanh_00141.wav,
hopdaothanh_00142.wav,142,hopdaothanh.m4a,16000,1,1504.618,1513.334,8.716,/content/drive/MyDrive/ASR_Dataset/segments/hopdaothanh_00142.wav,
hopdaothanh_00143.wav,143,hopdaothanh.m4a,16000,1,1514.602,1519.702,5.1,/content/drive/MyDrive/ASR_Dataset/segments/hopdaothanh_00143.wav,
hopdaothanh_00144.wav,144,hopdaothanh.m4a,16000,1,1524.202,1527.734,3.532,/content/drive/MyDrive/ASR_Dataset/segments/hopdaothanh_00144.wav,
hopdaothanh_00145.wav,145,hopdaothanh.m4a,16000,1,1528.65,1533.078,4.428,/content/drive/MyDrive/ASR_Dataset/segments/hopdaothanh_00145.wav,
hopdaothanh_00146.wav,146,hopdaothanh.m4a,16000,1,1534.762,1538.486,3.724,/content/drive/MyDrive/ASR_Dataset/segments/hopdaothanh_00146.wav,
hopdaothanh_00147.wav,147,hopdaothanh.m4a,16000,1,1540.426,1544.278,3.852,/content/drive/MyDrive/ASR_Dataset/segments/hopdaothanh_00147.wav,
hopdaothanh_00148.wav,148,hopdaothanh.m4a,16000,1,1545.482,1549.526,4.044,/content/drive/MyDrive/ASR_Dataset/segments/hopdaothanh_00148.wav,
hopdaothanh_00149.wav,149,hopdaothanh.m4a,16000,1,1550.954,1554.102,3.148,/content/drive/MyDrive/ASR_Dataset/segments/hopdaothanh_00149.wav,
hopdaothanh_00150.wav,150,hopdaothanh.m4a,16000,1,1554.666,1559.862,5.196,/content/drive/MyDrive/ASR_Dataset/segments/hopdaothanh_00150.wav,
hopdaothanh_00151.wav,151,hopdaothanh.m4a,16000,1,1564.81,1570.614,5.804,/content/drive/MyDrive/ASR_Dataset/segments/hopdaothanh_00151.wav,
hopdaothanh_00152.wav,152,hopdaothanh.m4a,16000,1,1571.562,1577.494,5.932,/content/drive/MyDrive/ASR_Dataset/segments/hopdaothanh_00152.wav,
hopdaothanh_00153.wav,153,hopdaothanh.m4a,16000,1,1581.418,1587.094,5.676,/content/drive/MyDrive/ASR_Dataset/segments/hopdaothanh_00153.wav,
hopdaothanh_00154.wav,154,hopdaothanh.m4a,16000,1,1587.882,1599.766,11.884,/content/drive/MyDrive/ASR_Dataset/segments/hopdaothanh_00154.wav,
hopdaothanh_00155.wav,155,hopdaothanh.m4a,16000,1,1600.33,1604.15,3.82,/content/drive/MyDrive/ASR_Dataset/segments/hopdaothanh_00155.wav,
hopdaothanh_00156.wav,156,hopdaothanh.m4a,16000,1,1605.13,1614.006,8.876,/content/drive/MyDrive/ASR_Dataset/segments/hopdaothanh_00156.wav,
hopdaothanh_00157.wav,157,hopdaothanh.m4a,16000,1,1615.05,1618.55,3.5,/content/drive/MyDrive/ASR_Dataset/segments/hopdaothanh_00157.wav,
hopdaothanh_00158.wav,158,hopdaothanh.m4a,16000,1,1619.882,1630.71,10.828,/content/drive/MyDrive/ASR_Dataset/segments/hopdaothanh_00158.wav,
hopdaothanh_00159.wav,159,hopdaothanh.m4a,16000,1,1632.042,1636.438,4.396,/content/drive/MyDrive/ASR_Dataset/segments/hopdaothanh_00159.wav,
hopdaothanh_00160.wav,160,hopdaothanh.m4a,16000,1,1637.482,1645.942,8.46,/content/drive/MyDrive/ASR_Dataset/segments/hopdaothanh_00160.wav,
hopdaothanh_00161.wav,161,hopdaothanh.m4a,16000,1,1646.474,1652.278,5.804,/content/drive/MyDrive/ASR_Dataset/segments/hopdaothanh_00161.wav,
hopdaothanh_00162.wav,162,hopdaothanh.m4a,16000,1,1653.194,1661.206,8.012,/content/drive/MyDrive/ASR_Dataset/segments/hopdaothanh_00162.wav,
hopdaothanh_00163.wav,163,hopdaothanh.m4a,16000,1,1665.898,1671.734,5.836,/content/drive/MyDrive/ASR_Dataset/segments/hopdaothanh_00163.wav,
hopdaothanh_00164.wav,164,hopdaothanh.m4a,16000,1,1673.45,1678.966,5.516,/content/drive/MyDrive/ASR_Dataset/segments/hopdaothanh_00164.wav,
hopdaothanh_00165.wav,165,hopdaothanh.m4a,16000,1,1679.562,1689.11,9.548,/content/drive/MyDrive/ASR_Dataset/segments/hopdaothanh_00165.wav,
hopdaothanh_00166.wav,166,hopdaothanh.m4a,16000,1,1689.802,1693.782,3.98,/content/drive/MyDrive/ASR_Dataset/segments/hopdaothanh_00166.wav,
hopdaothanh_00167.wav,167,hopdaothanh.m4a,16000,1,1700.938,1713.782,12.844,/content/drive/MyDrive/ASR_Dataset/segments/hopdaothanh_00167.wav,
hopdaothanh_00168.wav,168,hopdaothanh.m4a,16000,1,1714.762,1719.99,5.228,/content/drive/MyDrive/ASR_Dataset/segments/hopdaothanh_00168.wav,
hopdaothanh_00169.wav,169,hopdaothanh.m4a,16000,1,1721.226,1726.71,5.484,/content/drive/MyDrive/ASR_Dataset/segments/hopdaothanh_00169.wav,
hopdaothanh_00170.wav,170,hopdaothanh.m4a,16000,1,1727.53,1731.958,4.428,/content/drive/MyDrive/ASR_Dataset/segments/hopdaothanh_00170.wav,
hopdaothanh_00171.wav,171,hopdaothanh.m4a,16000,1,1800.714,1804.534,3.82,/content/drive/MyDrive/ASR_Dataset/segments/hopdaothanh_00171.wav,
hopdaothanh_00172.wav,172,hopdaothanh.m4a,16000,1,1805.482,1809.078,3.596,/content/drive/MyDrive/ASR_Dataset/segments/hopdaothanh_00172.wav,
hopdaothanh_00173.wav,173,hopdaothanh.m4a,16000,1,1810.57,1816.182,5.612,/content/drive/MyDrive/ASR_Dataset/segments/hopdaothanh_00173.wav,
hopdaothanh_00174.wav,174,hopdaothanh.m4a,16000,1,1821.386,1834.326,12.94,/content/drive/MyDrive/ASR_Dataset/segments/hopdaothanh_00174.wav,
hopdaothanh_00175.wav,175,hopdaothanh.m4a,16000,1,1835.05,1846.998,11.948,/content/drive/MyDrive/ASR_Dataset/segments/hopdaothanh_00175.wav,
hopdaothanh_00176.wav,176,hopdaothanh.m4a,16000,1,1848.394,1856.086,7.692,/content/drive/MyDrive/ASR_Dataset/segments/hopdaothanh_00176.wav,
hopdaothanh_00177.wav,177,hopdaothanh.m4a,16000,1,1857.354,1866.454,9.1,/content/drive/MyDrive/ASR_Dataset/segments/hopdaothanh_00177.wav,
hopdaothanh_00178.wav,178,hopdaothanh.m4a,16000,1,1867.562,1880.086,12.524,/content/drive/MyDrive/ASR_Dataset/segments/hopdaothanh_00178.wav,
hopdaothanh_00179.wav,179,hopdaothanh.m4a,16000,1,1896.266,1902.582,6.316,/content/drive/MyDrive/ASR_Dataset/segments/hopdaothanh_00179.wav,
hopdaothanh_00180.wav,180,hopdaothanh.m4a,16000,1,1903.562,1909.398,5.836,/content/drive/MyDrive/ASR_Dataset/segments/hopdaothanh_00180.wav,
hopdaothanh_00181.wav,181,hopdaothanh.m4a,16000,1,1911.05,1919.734,8.684,/content/drive/MyDrive/ASR_Dataset/segments/hopdaothanh_00181.wav,
hopdaothanh_00182.wav,182,hopdaothanh.m4a,16000,1,1920.81,1926.07,5.26,/content/drive/MyDrive/ASR_Dataset/segments/hopdaothanh_00182.wav,
hopdaothanh_00183.wav,183,hopdaothanh.m4a,16000,1,1927.21,1935.062,7.852,/content/drive/MyDrive/ASR_Dataset/segments/hopdaothanh_00183.wav,
hopdaothanh_00184.wav,184,hopdaothanh.m4a,16000,1,1940.874,1945.622,4.748,/content/drive/MyDrive/ASR_Dataset/segments/hopdaothanh_00184.wav,
hopdaothanh_00185.wav,185,hopdaothanh.m4a,16000,1,1947.882,1951.254,3.372,/content/drive/MyDrive/ASR_Dataset/segments/hopdaothanh_00185.wav,
hopdaothanh_00186.wav,186,hopdaothanh.m4a,16000,1,1955.658,1959.414,3.756,/content/drive/MyDrive/ASR_Dataset/segments/hopdaothanh_00186.wav,
hopdaothanh_00187.wav,187,hopdaothanh.m4a,16000,1,1960.842,1965.206,4.364,/content/drive/MyDrive/ASR_Dataset/segments/hopdaothanh_00187.wav,
hopdaothanh_00188.wav,188,hopdaothanh.m4a,16000,1,1967.978,1972.31,4.332,/content/drive/MyDrive/ASR_Dataset/segments/hopdaothanh_00188.wav,
hopdaothanh_00189.wav,189,hopdaothanh.m4a,16000,1,1974.186,1987.51,13.324,/content/drive/MyDrive/ASR_Dataset/segments/hopdaothanh_00189.wav,
hopdaothanh_00190.wav,190,hopdaothanh.m4a,16000,1,1988.074,1997.75,9.676,/content/drive/MyDrive/ASR_Dataset/segments/hopdaothanh_00190.wav,
hopdaothanh_00191.wav,191,hopdaothanh.m4a,16000,1,1999.21,2012.31,13.1,/content/drive/MyDrive/ASR_Dataset/segments/hopdaothanh_00191.wav,
hopdaothanh_00192.wav,192,hopdaothanh.m4a,16000,1,2012.906,2023.158,10.252,/content/drive/MyDrive/ASR_Dataset/segments/hopdaothanh_00192.wav,
hopdaothanh_00193.wav,193,hopdaothanh.m4a,16000,1,2023.754,2035.446,11.692,/content/drive/MyDrive/ASR_Dataset/segments/hopdaothanh_00193.wav,
hopdaothanh_00194.wav,194,hopdaothanh.m4a,16000,1,2037.962,2046.646,8.684,/content/drive/MyDrive/ASR_Dataset/segments/hopdaothanh_00194.wav,
hopdaothanh_00195.wav,195,hopdaothanh.m4a,16000,1,2049.418,2062.262,12.844,/content/drive/MyDrive/ASR_Dataset/segments/hopdaothanh_00195.wav,
hopdaothanh_00196.wav,196,hopdaothanh.m4a,16000,1,2062.474,2069.27,6.796,/content/drive/MyDrive/ASR_Dataset/segments/hopdaothanh_00196.wav,
hopdaothanh_00197.wav,197,hopdaothanh.m4a,16000,1,2069.962,2077.398,7.436,/content/drive/MyDrive/ASR_Dataset/segments/hopdaothanh_00197.wav,
hopdaothanh_00198.wav,198,hopdaothanh.m4a,16000,1,2078.122,2088.854,10.732,/content/drive/MyDrive/ASR_Dataset/segments/hopdaothanh_00198.wav,
hopdaothanh_00199.wav,199,hopdaothanh.m4a,16000,1,2089.482,2093.878,4.396,/content/drive/MyDrive/ASR_Dataset/segments/hopdaothanh_00199.wav,
hopdaothanh_00200.wav,200,hopdaothanh.m4a,16000,1,2094.858,2100.342,5.484,/content/drive/MyDrive/ASR_Dataset/segments/hopdaothanh_00200.wav,
hopdaothanh_00201.wav,201,hopdaothanh.m4a,16000,1,2100.97,2111.894,10.924,/content/drive/MyDrive/ASR_Dataset/segments/hopdaothanh_00201.wav,
hopdaothanh_00202.wav,202,hopdaothanh.m4a,16000,1,2113.418,2117.238,3.82,/content/drive/MyDrive/ASR_Dataset/segments/hopdaothanh_00202.wav,
hopdaothanh_00203.wav,203,hopdaothanh.m4a,16000,1,2119.306,2127.35,8.044,/content/drive/MyDrive/ASR_Dataset/segments/hopdaothanh_00203.wav,
hopdaothanh_00204.wav,204,hopdaothanh.m4a,16000,1,2127.882,2136.438,8.556,/content/drive/MyDrive/ASR_Dataset/segments/hopdaothanh_00204.wav,
hopdaothanh_00205.wav,205,hopdaothanh.m4a,16000,1,2137.066,2142.87,5.804,/content/drive/MyDrive/ASR_Dataset/segments/hopdaothanh_00205.wav,
hopdaothanh_00206.wav,206,hopdaothanh.m4a,16000,1,2143.882,2146.902,3.02,/content/drive/MyDrive/ASR_Dataset/segments/hopdaothanh_00206.wav,
hopdaothanh_00207.wav,207,hopdaothanh.m4a,16000,1,2149.77,2155.702,5.932,/content/drive/MyDrive/ASR_Dataset/segments/hopdaothanh_00207.wav,
hopdaothanh_00208.wav,208,hopdaothanh.m4a,16000,1,2156.682,2161.558,4.876,/content/drive/MyDrive/ASR_Dataset/segments/hopdaothanh_00208.wav,
hopdaothanh_00209.wav,209,hopdaothanh.m4a,16000,1,2172.202,2176.054,3.852,/content/drive/MyDrive/ASR_Dataset/segments/hopdaothanh_00209.wav,
hopdaothanh_00210.wav,210,hopdaothanh.m4a,16000,1,2178.41,2182.262,3.852,/content/drive/MyDrive/ASR_Dataset/segments/hopdaothanh_00210.wav,
hopdaothanh_00211.wav,211,hopdaothanh.m4a,16000,1,2182.922,2186.006,3.084,/content/drive/MyDrive/ASR_Dataset/segments/hopdaothanh_00211.wav,
hopdaothanh_00212.wav,212,hopdaothanh.m4a,16000,1,2186.698,2195.926,9.228,/content/drive/MyDrive/ASR_Dataset/segments/hopdaothanh_00212.wav,
hopdaothanh_00213.wav,213,hopdaothanh.m4a,16000,1,2316.362,2321.59,5.228,/content/drive/MyDrive/ASR_Dataset/segments/hopdaothanh_00213.wav,
hopdaothanh_00214.wav,214,hopdaothanh.m4a,16000,1,2425.546,2439.67,14.124,/content/drive/MyDrive/ASR_Dataset/segments/hopdaothanh_00214.wav,
hopdaothanh_00215.wav,215,hopdaothanh.m4a,16000,1,2440.394,2452.726,12.332,/content/drive/MyDrive/ASR_Dataset/segments/hopdaothanh_00215.wav,
hopdaothanh_00216.wav,216,hopdaothanh.m4a,16000,1,2453.642,2457.078,3.436,/content/drive/MyDrive/ASR_Dataset/segments/hopdaothanh_00216.wav,
hopdaothanh_00217.wav,217,hopdaothanh.m4a,16000,1,2457.674,2471.958,14.284,/content/drive/MyDrive/ASR_Dataset/segments/hopdaothanh_00217.wav,
hopdaothanh_00218.wav,218,hopdaothanh.m4a,16000,1,2475.05,2489.046,13.996,/content/drive/MyDrive/ASR_Dataset/segments/hopdaothanh_00218.wav,
hopdaothanh_00219.wav,219,hopdaothanh.m4a,16000,1,2490.122,2496.054,5.932,/content/drive/MyDrive/ASR_Dataset/segments/hopdaothanh_00219.wav,
hopdaothanh_00220.wav,220,hopdaothanh.m4a,16000,1,2502.346,2514.262,11.916,/content/drive/MyDrive/ASR_Dataset/segments/hopdaothanh_00220.wav,
hopdaothanh_00221.wav,221,hopdaothanh.m4a,16000,1,2519.306,2528.022,8.716,/content/drive/MyDrive/ASR_Dataset/segments/hopdaothanh_00221.wav,
hopdaothanh_00222.wav,222,hopdaothanh.m4a,16000,1,2528.458,2541.174,12.716,/content/drive/MyDrive/ASR_Dataset/segments/hopdaothanh_00222.wav,
hopdaothanh_00223.wav,223,hopdaothanh.m4a,16000,1,2543.498,2547.83,4.332,/content/drive/MyDrive/ASR_Dataset/segments/hopdaothanh_00223.wav,
hopdaothanh_00224.wav,224,hopdaothanh.m4a,16000,1,2549.642,2557.046,7.404,/content/drive/MyDrive/ASR_Dataset/segments/hopdaothanh_00224.wav,
hopdaothanh_00225.wav,225,hopdaothanh.m4a,16000,1,2559.754,2564.598,4.844,/content/drive/MyDrive/ASR_Dataset/segments/hopdaothanh_00225.wav,
hopdaothanh_00226.wav,226,hopdaothanh.m4a,16000,1,2566.218,2575.862,9.644,/content/drive/MyDrive/ASR_Dataset/segments/hopdaothanh_00226.wav,
hopdaothanh_00227.wav,227,hopdaothanh.m4a,16000,1,2577.002,2582.262,5.26,/content/drive/MyDrive/ASR_Dataset/segments/hopdaothanh_00227.wav,
hopdaothanh_00228.wav,228,hopdaothanh.m4a,16000,1,2584.714,2593.43,8.716,/content/drive/MyDrive/ASR_Dataset/segments/hopdaothanh_00228.wav,
hopdaothanh_00229.wav,229,hopdaothanh.m4a,16000,1,2594.186,2603.574,9.388,/content/drive/MyDrive/ASR_Dataset/segments/hopdaothanh_00229.wav,
hopdaothanh_00230.wav,230,hopdaothanh.m4a,16000,1,2605.418,2616.15,10.732,/content/drive/MyDrive/ASR_Dataset/segments/hopdaothanh_00230.wav,
hopdaothanh_00231.wav,231,hopdaothanh.m4a,16000,1,2617.29,2629.174,11.884,/content/drive/MyDrive/ASR_Dataset/segments/hopdaothanh_00231.wav,
hopdaothanh_00232.wav,232,hopdaothanh.m4a,16000,1,2632.618,2644.214,11.596,/content/drive/MyDrive/ASR_Dataset/segments/hopdaothanh_00232.wav,
hopdaothanh_00233.wav,233,hopdaothanh.m4a,16000,1,2644.522,2649.462,4.94,/content/drive/MyDrive/ASR_Dataset/segments/hopdaothanh_00233.wav,
hopdaothanh_00234.wav,234,hopdaothanh.m4a,16000,1,2650.506,2660.63,10.124,/content/drive/MyDrive/ASR_Dataset/segments/hopdaothanh_00234.wav,
hopdaothanh_00235.wav,235,hopdaothanh.m4a,16000,1,2663.338,2671.35,8.012,/content/drive/MyDrive/ASR_Dataset/segments/hopdaothanh_00235.wav,
hopdaothanh_00236.wav,236,hopdaothanh.m4a,16000,1,2672.33,2685.334,13.004,/content/drive/MyDrive/ASR_Dataset/segments/hopdaothanh_00236.wav,
hopdaothanh_00237.wav,237,hopdaothanh.m4a,16000,1,2685.898,2691.062,5.164,/content/drive/MyDrive/ASR_Dataset/segments/hopdaothanh_00237.wav,
hopdaothanh_00238.wav,238,hopdaothanh.m4a,16000,1,2691.594,2701.43,9.836,/content/drive/MyDrive/ASR_Dataset/segments/hopdaothanh_00238.wav,
hopdaothanh_00239.wav,239,hopdaothanh.m4a,16000,1,2706.25,2719.766,13.516,/content/drive/MyDrive/ASR_Dataset/segments/hopdaothanh_00239.wav,
hopdaothanh_00240.wav,240,hopdaothanh.m4a,16000,1,2720.426,2734.102,13.676,/content/drive/MyDrive/ASR_Dataset/segments/hopdaothanh_00240.wav,
hopdaothanh_00241.wav,241,hopdaothanh.m4a,16000,1,2734.25,2739.094,4.844,/content/drive/MyDrive/ASR_Dataset/segments/hopdaothanh_00241.wav,
hopdaothanh_00242.wav,242,hopdaothanh.m4a,16000,1,2739.69,2749.014,9.324,/content/drive/MyDrive/ASR_Dataset/segments/hopdaothanh_00242.wav,
hopdaothanh_00243.wav,243,hopdaothanh.m4a,16000,1,2749.258,2758.934,9.676,/content/drive/MyDrive/ASR_Dataset/segments/hopdaothanh_00243.wav,
hopdaothanh_00244.wav,244,hopdaothanh.m4a,16000,1,2760.298,2769.878,9.58,/content/drive/MyDrive/ASR_Dataset/segments/hopdaothanh_00244.wav,
hopdaothanh_00245.wav,245,hopdaothanh.m4a,16000,1,2772.778,2776.694,3.916,/content/drive/MyDrive/ASR_Dataset/segments/hopdaothanh_00245.wav,
hopdaothanh_00246.wav,246,hopdaothanh.m4a,16000,1,2777.962,2790.454,12.492,/content/drive/MyDrive/ASR_Dataset/segments/hopdaothanh_00246.wav,
hopdaothanh_00247.wav,247,hopdaothanh.m4a,16000,1,2790.986,2801.014,10.028,/content/drive/MyDrive/ASR_Dataset/segments/hopdaothanh_00247.wav,
hopdaothanh_00248.wav,248,hopdaothanh.m4a,16000,1,2802.346,2813.814,11.468,/content/drive/MyDrive/ASR_Dataset/segments/hopdaothanh_00248.wav,
hopdaothanh_00249.wav,249,hopdaothanh.m4a,16000,1,2814.858,2828.694,13.836,/content/drive/MyDrive/ASR_Dataset/segments/hopdaothanh_00249.wav,
hopdaothanh_00250.wav,250,hopdaothanh.m4a,16000,1,2849.898,2855.222,5.324,/content/drive/MyDrive/ASR_Dataset/segments/hopdaothanh_00250.wav,
hopdaothanh_00251.wav,251,hopdaothanh.m4a,16000,1,2856.426,2865.686,9.26,/content/drive/MyDrive/ASR_Dataset/segments/hopdaothanh_00251.wav,
hopdaothanh_00252.wav,252,hopdaothanh.m4a,16000,1,2866.57,2879.926,13.356,/content/drive/MyDrive/ASR_Dataset/segments/hopdaothanh_00252.wav,
hopdaothanh_00253.wav,253,hopdaothanh.m4a,16000,1,2884.65,2887.702,3.052,/content/drive/MyDrive/ASR_Dataset/segments/hopdaothanh_00253.wav,
hopdaothanh_00254.wav,254,hopdaothanh.m4a,16000,1,2888.234,2892.502,4.268,/content/drive/MyDrive/ASR_Dataset/segments/hopdaothanh_00254.wav,
hopdaothanh_00255.wav,255,hopdaothanh.m4a,16000,1,2894.89,2900.47,5.58,/content/drive/MyDrive/ASR_Dataset/segments/hopdaothanh_00255.wav,
hopdaothanh_00256.wav,256,hopdaothanh.m4a,16000,1,2901.002,2906.614,5.612,/content/drive/MyDrive/ASR_Dataset/segments/hopdaothanh_00256.wav,
hopdaothanh_00257.wav,257,hopdaothanh.m4a,16000,1,2908.298,2911.83,3.532,/content/drive/MyDrive/ASR_Dataset/segments/hopdaothanh_00257.wav,
hopdaothanh_00258.wav,258,hopdaothanh.m4a,16000,1,2913.258,2917.11,3.852,/content/drive/MyDrive/ASR_Dataset/segments/hopdaothanh_00258.wav,
hopdaothanh_00259.wav,259,hopdaothanh.m4a,16000,1,2917.77,2932.63,14.86,/content/drive/MyDrive/ASR_Dataset/segments/hopdaothanh_00259.wav,
hopdaothanh_00260.wav,260,hopdaothanh.m4a,16000,1,2933.034,2940.182,7.148,/content/drive/MyDrive/ASR_Dataset/segments/hopdaothanh_00260.wav,
hopdaothanh_00261.wav,261,hopdaothanh.m4a,16000,1,2947.21,2951.19,3.98,/content/drive/MyDrive/ASR_Dataset/segments/hopdaothanh_00261.wav,
hopdaothanh_00262.wav,262,hopdaothanh.m4a,16000,1,2957.514,2964.63,7.116,/content/drive/MyDrive/ASR_Dataset/segments/hopdaothanh_00262.wav,
hopdaothanh_00263.wav,263,hopdaothanh.m4a,16000,1,2965.514,2971.254,5.74,/content/drive/MyDrive/ASR_Dataset/segments/hopdaothanh_00263.wav,
hopdaothanh_00264.wav,264,hopdaothanh.m4a,16000,1,2973.738,2978.774,5.036,/content/drive/MyDrive/ASR_Dataset/segments/hopdaothanh_00264.wav,
hopdaothanh_00265.wav,265,hopdaothanh.m4a,16000,1,2980.522,2985.846,5.324,/content/drive/MyDrive/ASR_Dataset/segments/hopdaothanh_00265.wav,
hopdaothanh_00266.wav,266,hopdaothanh.m4a,16000,1,2988.81,2996.534,7.724,/content/drive/MyDrive/ASR_Dataset/segments/hopdaothanh_00266.wav,
hopdaothanh_00267.wav,267,hopdaothanh.m4a,16000,1,2998.858,3009.558,10.7,/content/drive/MyDrive/ASR_Dataset/segments/hopdaothanh_00267.wav,
hopdaothanh_00268.wav,268,hopdaothanh.m4a,16000,1,3010.282,3025.174,14.892,/content/drive/MyDrive/ASR_Dataset/segments/hopdaothanh_00268.wav,
hopdaothanh_00269.wav,269,hopdaothanh.m4a,16000,1,3025.45,3031.67,6.22,/content/drive/MyDrive/ASR_Dataset/segments/hopdaothanh_00269.wav,
hopdaothanh_00270.wav,270,hopdaothanh.m4a,16000,1,3032.586,3046.742,14.156,/content/drive/MyDrive/ASR_Dataset/segments/hopdaothanh_00270.wav,
hopdaothanh_00271.wav,271,hopdaothanh.m4a,16000,1,3046.954,3059.51,12.556,/content/drive/MyDrive/ASR_Dataset/segments/hopdaothanh_00271.wav,
hopdaothanh_00272.wav,272,hopdaothanh.m4a,16000,1,3063.562,3077.782,14.22,/content/drive/MyDrive/ASR_Dataset/segments/hopdaothanh_00272.wav,
hopdaothanh_00273.wav,273,hopdaothanh.m4a,16000,1,3078.154,3086.742,8.588,/content/drive/MyDrive/ASR_Dataset/segments/hopdaothanh_00273.wav,
hopdaothanh_00274.wav,274,hopdaothanh.m4a,16000,1,3086.922,3100.214,13.292,/content/drive/MyDrive/ASR_Dataset/segments/hopdaothanh_00274.wav,
hopdaothanh_00275.wav,275,hopdaothanh.m4a,16000,1,3100.522,3107.734,7.212,/content/drive/MyDrive/ASR_Dataset/segments/hopdaothanh_00275.wav,
hopdaothanh_00276.wav,276,hopdaothanh.m4a,16000,1,3146.346,3160.086,13.74,/content/drive/MyDrive/ASR_Dataset/segments/hopdaothanh_00276.wav,
hopdaothanh_00277.wav,277,hopdaothanh.m4a,16000,1,3161.13,3170.198,9.068,/content/drive/MyDrive/ASR_Dataset/segments/hopdaothanh_00277.wav,
hopdaothanh_00278.wav,278,hopdaothanh.m4a,16000,1,3170.794,3175.766,4.972,/content/drive/MyDrive/ASR_Dataset/segments/hopdaothanh_00278.wav,
hopdaothanh_00279.wav,279,hopdaothanh.m4a,16000,1,3177.002,3188.214,11.212,/content/drive/MyDrive/ASR_Dataset/segments/hopdaothanh_00279.wav,
hopdaothanh_00280.wav,280,hopdaothanh.m4a,16000,1,3189.098,3202.742,13.644,/content/drive/MyDrive/ASR_Dataset/segments/hopdaothanh_00280.wav,
hopdaothanh_00281.wav,281,hopdaothanh.m4a,16000,1,3202.986,3210.422,7.436,/content/drive/MyDrive/ASR_Dataset/segments/hopdaothanh_00281.wav,
hopdaothanh_00282.wav,282,hopdaothanh.m4a,16000,1,3214.25,3228.982,14.732,/content/drive/MyDrive/ASR_Dataset/segments/hopdaothanh_00282.wav,
hopdaothanh_00283.wav,283,hopdaothanh.m4a,16000,1,3229.258,3241.782,12.524,/content/drive/MyDrive/ASR_Dataset/segments/hopdaothanh_00283.wav,
hopdaothanh_00284.wav,284,hopdaothanh.m4a,16000,1,3249.834,3264.79,14.956,/content/drive/MyDrive/ASR_Dataset/segments/hopdaothanh_00284.wav,
hopdaothanh_00285.wav,285,hopdaothanh.m4a,16000,1,3265.226,3273.718,8.492,/content/drive/MyDrive/ASR_Dataset/segments/hopdaothanh_00285.wav,
hopdaothanh_00286.wav,286,hopdaothanh.m4a,16000,1,3274.314,3288.662,14.348,/content/drive/MyDrive/ASR_Dataset/segments/hopdaothanh_00286.wav,
hopdaothanh_00287.wav,287,hopdaothanh.m4a,16000,1,3289.322,3298.966,9.644,/content/drive/MyDrive/ASR_Dataset/segments/hopdaothanh_00287.wav,
hopdaothanh_00288.wav,288,hopdaothanh.m4a,16000,1,3300.074,3312.406,12.332,/content/drive/MyDrive/ASR_Dataset/segments/hopdaothanh_00288.wav,
hopdaothanh_00289.wav,289,hopdaothanh.m4a,16000,1,3317.578,3328.214,10.636,/content/drive/MyDrive/ASR_Dataset/segments/hopdaothanh_00289.wav,
hopdaothanh_00290.wav,290,hopdaothanh.m4a,16000,1,3328.714,3336.502,7.788,/content/drive/MyDrive/ASR_Dataset/segments/hopdaothanh_00290.wav,
hopdaothanh_00291.wav,291,hopdaothanh.m4a,16000,1,3337.482,3341.11,3.628,/content/drive/MyDrive/ASR_Dataset/segments/hopdaothanh_00291.wav,
hopdaothanh_00292.wav,292,hopdaothanh.m4a,16000,1,3342.474,3352.886,10.412,/content/drive/MyDrive/ASR_Dataset/segments/hopdaothanh_00292.wav,
hopdaothanh_00293.wav,293,hopdaothanh.m4a,16000,1,3354.442,3360.502,6.06,/content/drive/MyDrive/ASR_Dataset/segments/hopdaothanh_00293.wav,
hopdaothanh_00294.wav,294,hopdaothanh.m4a,16000,1,3364.426,3371.926,7.5,/content/drive/MyDrive/ASR_Dataset/segments/hopdaothanh_00294.wav,
hopdaothanh_00295.wav,295,hopdaothanh.m4a,16000,1,3374.794,3383.926,9.132,/content/drive/MyDrive/ASR_Dataset/segments/hopdaothanh_00295.wav,
hopdaothanh_00296.wav,296,hopdaothanh.m4a,16000,1,3384.842,3391.734,6.892,/content/drive/MyDrive/ASR_Dataset/segments/hopdaothanh_00296.wav,
hopdaothanh_00297.wav,297,hopdaothanh.m4a,16000,1,3392.266,3405.974,13.708,/content/drive/MyDrive/ASR_Dataset/segments/hopdaothanh_00297.wav,
hopdaothanh_00298.wav,298,hopdaothanh.m4a,16000,1,3406.794,3418.838,12.044,/content/drive/MyDrive/ASR_Dataset/segments/hopdaothanh_00298.wav,
hopdaothanh_00299.wav,299,hopdaothanh.m4a,16000,1,3420.874,3425.462,4.588,/content/drive/MyDrive/ASR_Dataset/segments/hopdaothanh_00299.wav,
hopdaothanh_00300.wav,300,hopdaothanh.m4a,16000,1,3427.274,3432.726,5.452,/content/drive/MyDrive/ASR_Dataset/segments/hopdaothanh_00300.wav,
hopdaothanh_00301.wav,301,hopdaothanh.m4a,16000,1,3434.346,3437.654,3.308,/content/drive/MyDrive/ASR_Dataset/segments/hopdaothanh_00301.wav,
hopdaothanh_00302.wav,302,hopdaothanh.m4a,16000,1,3438.73,3447.766,9.036,/content/drive/MyDrive/ASR_Dataset/segments/hopdaothanh_00302.wav,
hopdaothanh_00303.wav,303,hopdaothanh.m4a,16000,1,3449.866,3464.086,14.22,/content/drive/MyDrive/ASR_Dataset/segments/hopdaothanh_00303.wav,
hopdaothanh_00304.wav,304,hopdaothanh.m4a,16000,1,3464.938,3478.742,13.804,/content/drive/MyDrive/ASR_Dataset/segments/hopdaothanh_00304.wav,
hopdaothanh_00305.wav,305,hopdaothanh.m4a,16000,1,3480.426,3490.358,9.932,/content/drive/MyDrive/ASR_Dataset/segments/hopdaothanh_00305.wav,
hopdaothanh_00306.wav,306,hopdaothanh.m4a,16000,1,3498.698,3504.79,6.092,/content/drive/MyDrive/ASR_Dataset/segments/hopdaothanh_00306.wav,
hopdaothanh_00307.wav,307,hopdaothanh.m4a,16000,1,3505.514,3508.694,3.18,/content/drive/MyDrive/ASR_Dataset/segments/hopdaothanh_00307.wav,
hopdaothanh_00308.wav,308,hopdaothanh.m4a,16000,1,3530.602,3544.214,13.612,/content/drive/MyDrive/ASR_Dataset/segments/hopdaothanh_00308.wav,
hopdaothanh_00309.wav,309,hopdaothanh.m4a,16000,1,3551.274,3561.878,10.604,/content/drive/MyDrive/ASR_Dataset/segments/hopdaothanh_00309.wav,
hopdaothanh_00310.wav,310,hopdaothanh.m4a,16000,1,3562.058,3568.246,6.188,/content/drive/MyDrive/ASR_Dataset/segments/hopdaothanh_00310.wav,
hopdaothanh_00311.wav,311,hopdaothanh.m4a,16000,1,3568.874,3581.622,12.748,/content/drive/MyDrive/ASR_Dataset/segments/hopdaothanh_00311.wav,
hopdaothanh_00312.wav,312,hopdaothanh.m4a,16000,1,3582.09,3586.07,3.98,/content/drive/MyDrive/ASR_Dataset/segments/hopdaothanh_00312.wav,
hopdaothanh_00313.wav,313,hopdaothanh.m4a,16000,1,3587.914,3592.278,4.364,/content/drive/MyDrive/ASR_Dataset/segments/hopdaothanh_00313.wav,
hopdaothanh_00314.wav,314,hopdaothanh.m4a,16000,1,3592.938,3602.582,9.644,/content/drive/MyDrive/ASR_Dataset/segments/hopdaothanh_00314.wav,
hopdaothanh_00315.wav,315,hopdaothanh.m4a,16000,1,3602.922,3615.158,12.236,/content/drive/MyDrive/ASR_Dataset/segments/hopdaothanh_00315.wav,
hopdaothanh_00316.wav,316,hopdaothanh.m4a,16000,1,3615.306,3630.262,14.956,/content/drive/MyDrive/ASR_Dataset/segments/hopdaothanh_00316.wav,
hopdaothanh_00317.wav,317,hopdaothanh.m4a,16000,1,3631.114,3635.542,4.428,/content/drive/MyDrive/ASR_Dataset/segments/hopdaothanh_00317.wav,
hopdaothanh_00318.wav,318,hopdaothanh.m4a,16000,1,3636.842,3651.03,14.188,/content/drive/MyDrive/ASR_Dataset/segments/hopdaothanh_00318.wav,
hopdaothanh_00319.wav,319,hopdaothanh.m4a,16000,1,3651.594,3666.454,14.86,/content/drive/MyDrive/ASR_Dataset/segments/hopdaothanh_00319.wav,
hopdaothanh_00320.wav,320,hopdaothanh.m4a,16000,1,3666.89,3672.982,6.092,/content/drive/MyDrive/ASR_Dataset/segments/hopdaothanh_00320.wav,
hopdaothanh_00321.wav,321,hopdaothanh.m4a,16000,1,3674.122,3679.638,5.516,/content/drive/MyDrive/ASR_Dataset/segments/hopdaothanh_00321.wav,
hopdaothanh_00322.wav,322,hopdaothanh.m4a,16000,1,3681.834,3690.166,8.332,/content/drive/MyDrive/ASR_Dataset/segments/hopdaothanh_00322.wav,
hopdaothanh_00323.wav,323,hopdaothanh.m4a,16000,1,3691.978,3700.054,8.076,/content/drive/MyDrive/ASR_Dataset/segments/hopdaothanh_00323.wav,
hopdaothanh_00324.wav,324,hopdaothanh.m4a,16000,1,3701.066,3706.71,5.644,/content/drive/MyDrive/ASR_Dataset/segments/hopdaothanh_00324.wav,
hopdaothanh_00325.wav,325,hopdaothanh.m4a,16000,1,3707.242,3720.854,13.612,/content/drive/MyDrive/ASR_Dataset/segments/hopdaothanh_00325.wav,
hopdaothanh_00326.wav,326,hopdaothanh.m4a,16000,1,3724.33,3737.974,13.644,/content/drive/MyDrive/ASR_Dataset/segments/hopdaothanh_00326.wav,
hopdaothanh_00327.wav,327,hopdaothanh.m4a,16000,1,3738.794,3750.742,11.948,/content/drive/MyDrive/ASR_Dataset/segments/hopdaothanh_00327.wav,
hopdaothanh_00328.wav,328,hopdaothanh.m4a,16000,1,3752.01,3763.894,11.884,/content/drive/MyDrive/ASR_Dataset/segments/hopdaothanh_00328.wav,
hopdaothanh_00329.wav,329,hopdaothanh.m4a,16000,1,3764.17,3768.918,4.748,/content/drive/MyDrive/ASR_Dataset/segments/hopdaothanh_00329.wav,
hopdaothanh_00330.wav,330,hopdaothanh.m4a,16000,1,3769.962,3775.638,5.676,/content/drive/MyDrive/ASR_Dataset/segments/hopdaothanh_00330.wav,
hopdaothanh_00331.wav,331,hopdaothanh.m4a,16000,1,4014.762,4019.958,5.196,/content/drive/MyDrive/ASR_Dataset/segments/hopdaothanh_00331.wav,
hopdaothanh_00332.wav,332,hopdaothanh.m4a,16000,1,4030.634,4042.006,11.372,/content/drive/MyDrive/ASR_Dataset/segments/hopdaothanh_00332.wav,
hopdaothanh_00333.wav,333,hopdaothanh.m4a,16000,1,4060.778,4068.022,7.244,/content/drive/MyDrive/ASR_Dataset/segments/hopdaothanh_00333.wav,
hopdaothanh_00334.wav,334,hopdaothanh.m4a,16000,1,4069.418,4073.174,3.756,/content/drive/MyDrive/ASR_Dataset/segments/hopdaothanh_00334.wav,
hopdaothanh_00335.wav,335,hopdaothanh.m4a,16000,1,4073.834,4081.558,7.724,/content/drive/MyDrive/ASR_Dataset/segments/hopdaothanh_00335.wav,
hopdaothanh_00336.wav,336,hopdaothanh.m4a,16000,1,4084.682,4090.902,6.22,/content/drive/MyDrive/ASR_Dataset/segments/hopdaothanh_00336.wav,
hopdaothanh_00337.wav,337,hopdaothanh.m4a,16000,1,4091.882,4097.206,5.324,/content/drive/MyDrive/ASR_Dataset/segments/hopdaothanh_00337.wav,
hopdaothanh_00338.wav,338,hopdaothanh.m4a,16000,1,4097.674,4106.934,9.26,/content/drive/MyDrive/ASR_Dataset/segments/hopdaothanh_00338.wav,
hopdaothanh_00339.wav,339,hopdaothanh.m4a,16000,1,4107.53,4115.862,8.332,/content/drive/MyDrive/ASR_Dataset/segments/hopdaothanh_00339.wav,
hopdaothanh_00340.wav,340,hopdaothanh.m4a,16000,1,4116.074,4122.774,6.7,/content/drive/MyDrive/ASR_Dataset/segments/hopdaothanh_00340.wav,
hopdaothanh_00341.wav,341,hopdaothanh.m4a,16000,1,4123.754,4129.462,5.708,/content/drive/MyDrive/ASR_Dataset/segments/hopdaothanh_00341.wav,
hopdaothanh_00342.wav,342,hopdaothanh.m4a,16000,1,4132.266,4141.334,9.068,/content/drive/MyDrive/ASR_Dataset/segments/hopdaothanh_00342.wav,
hopdaothanh_00343.wav,343,hopdaothanh.m4a,16000,1,4160.042,4164.726,4.684,/content/drive/MyDrive/ASR_Dataset/segments/hopdaothanh_00343.wav,
hopdaothanh_00344.wav,344,hopdaothanh.m4a,16000,1,4168.458,4173.142,4.684,/content/drive/MyDrive/ASR_Dataset/segments/hopdaothanh_00344.wav,
hopdaothanh_00345.wav,345,hopdaothanh.m4a,16000,1,4174.186,4179.83,5.644,/content/drive/MyDrive/ASR_Dataset/segments/hopdaothanh_00345.wav,
hopdaothanh_00346.wav,346,hopdaothanh.m4a,16000,1,4186.378,4200.79,14.412,/content/drive/MyDrive/ASR_Dataset/segments/hopdaothanh_00346.wav,
hopdaothanh_00347.wav,347,hopdaothanh.m4a,16000,1,4208.746,4211.798,3.052,/content/drive/MyDrive/ASR_Dataset/segments/hopdaothanh_00347.wav,
hopdaothanh_00348.wav,348,hopdaothanh.m4a,16000,1,4215.69,4230.102,14.412,/content/drive/MyDrive/ASR_Dataset/segments/hopdaothanh_00348.wav,
hopdaothanh_00349.wav,349,hopdaothanh.m4a,16000,1,4231.242,4235.254,4.012,/content/drive/MyDrive/ASR_Dataset/segments/hopdaothanh_00349.wav,
hopdaothanh_00350.wav,350,hopdaothanh.m4a,16000,1,4242.666,4249.014,6.348,/content/drive/MyDrive/ASR_Dataset/segments/hopdaothanh_00350.wav,
hopdaothanh_00351.wav,351,hopdaothanh.m4a,16000,1,4249.29,4263.734,14.444,/content/drive/MyDrive/ASR_Dataset/segments/hopdaothanh_00351.wav,
hopdaothanh_00352.wav,352,hopdaothanh.m4a,16000,1,4287.434,4292.662,5.228,/content/drive/MyDrive/ASR_Dataset/segments/hopdaothanh_00352.wav,
hopdaothanh_00353.wav,353,hopdaothanh.m4a,16000,1,4293.642,4297.686,4.044,/content/drive/MyDrive/ASR_Dataset/segments/hopdaothanh_00353.wav,
hopdaothanh_00354.wav,354,hopdaothanh.m4a,16000,1,4299.338,4309.27,9.932,/content/drive/MyDrive/ASR_Dataset/segments/hopdaothanh_00354.wav,
hopdaothanh_00355.wav,355,hopdaothanh.m4a,16000,1,4309.578,4318.102,8.524,/content/drive/MyDrive/ASR_Dataset/segments/hopdaothanh_00355.wav,
hopdaothanh_00356.wav,356,hopdaothanh.m4a,16000,1,4318.986,4324.886,5.9,/content/drive/MyDrive/ASR_Dataset/segments/hopdaothanh_00356.wav,
hopdaothanh_00357.wav,357,hopdaothanh.m4a,16000,1,4325.642,4331.478,5.836,/content/drive/MyDrive/ASR_Dataset/segments/hopdaothanh_00357.wav,
hopdaothanh_00358.wav,358,hopdaothanh.m4a,16000,1,4333.546,4338.326,4.78,/content/drive/MyDrive/ASR_Dataset/segments/hopdaothanh_00358.wav,
hopdaothanh_00359.wav,359,hopdaothanh.m4a,16000,1,4338.858,4349.43,10.572,/content/drive/MyDrive/ASR_Dataset/segments/hopdaothanh_00359.wav,
hopdaothanh_00360.wav,360,hopdaothanh.m4a,16000,1,4350.41,4360.886,10.476,/content/drive/MyDrive/ASR_Dataset/segments/hopdaothanh_00360.wav,
hopdaothanh_00361.wav,361,hopdaothanh.m4a,16000,1,4361.642,4368.662,7.02,/content/drive/MyDrive/ASR_Dataset/segments/hopdaothanh_00361.wav,
hopdaothanh_00362.wav,362,hopdaothanh.m4a,16000,1,4369.514,4376.822,7.308,/content/drive/MyDrive/ASR_Dataset/segments/hopdaothanh_00362.wav,
hopdaothanh_00363.wav,363,hopdaothanh.m4a,16000,1,4378.282,4382.806,4.524,/content/drive/MyDrive/ASR_Dataset/segments/hopdaothanh_00363.wav,
hopdaothanh_00364.wav,364,hopdaothanh.m4a,16000,1,4383.434,4397.206,13.772,/content/drive/MyDrive/ASR_Dataset/segments/hopdaothanh_00364.wav,
hopdaothanh_00365.wav,365,hopdaothanh.m4a,16000,1,4397.706,4404.758,7.052,/content/drive/MyDrive/ASR_Dataset/segments/hopdaothanh_00365.wav,
hopdaothanh_00366.wav,366,hopdaothanh.m4a,16000,1,4405.962,4414.486,8.524,/content/drive/MyDrive/ASR_Dataset/segments/hopdaothanh_00366.wav,
hopdaothanh_00367.wav,367,hopdaothanh.m4a,16000,1,4415.082,4425.622,10.54,/content/drive/MyDrive/ASR_Dataset/segments/hopdaothanh_00367.wav,
hopdaothanh_00368.wav,368,hopdaothanh.m4a,16000,1,4426.73,4430.742,4.012,/content/drive/MyDrive/ASR_Dataset/segments/hopdaothanh_00368.wav,
hopdaothanh_00369.wav,369,hopdaothanh.m4a,16000,1,4431.338,4442.326,10.988,/content/drive/MyDrive/ASR_Dataset/segments/hopdaothanh_00369.wav,
hopdaothanh_00370.wav,370,hopdaothanh.m4a,16000,1,4493.866,4497.462,3.596,/content/drive/MyDrive/ASR_Dataset/segments/hopdaothanh_00370.wav,
hopdaothanh_00371.wav,371,hopdaothanh.m4a,16000,1,4516.106,4520.342,4.236,/content/drive/MyDrive/ASR_Dataset/segments/hopdaothanh_00371.wav,
hopdaothanh_00372.wav,372,hopdaothanh.m4a,16000,1,4522.026,4531.958,9.932,/content/drive/MyDrive/ASR_Dataset/segments/hopdaothanh_00372.wav,
hopdaothanh_00373.wav,373,hopdaothanh.m4a,16000,1,4533.098,4539.222,6.124,/content/drive/MyDrive/ASR_Dataset/segments/hopdaothanh_00373.wav,
hopdaothanh_00374.wav,374,hopdaothanh.m4a,16000,1,4540.202,4554.006,13.804,/content/drive/MyDrive/ASR_Dataset/segments/hopdaothanh_00374.wav,
hopdaothanh_00375.wav,375,hopdaothanh.m4a,16000,1,4557.034,4569.334,12.3,/content/drive/MyDrive/ASR_Dataset/segments/hopdaothanh_00375.wav,
hopdaothanh_00376.wav,376,hopdaothanh.m4a,16000,1,4569.898,4575.99,6.092,/content/drive/MyDrive/ASR_Dataset/segments/hopdaothanh_00376.wav,
hopdaothanh_00377.wav,377,hopdaothanh.m4a,16000,1,4576.682,4580.47,3.788,/content/drive/MyDrive/ASR_Dataset/segments/hopdaothanh_00377.wav,
hopdaothanh_00378.wav,378,hopdaothanh.m4a,16000,1,4581.098,4586.71,5.612,/content/drive/MyDrive/ASR_Dataset/segments/hopdaothanh_00378.wav,
hopdaothanh_00379.wav,379,hopdaothanh.m4a,16000,1,4587.498,4597.11,9.612,/content/drive/MyDrive/ASR_Dataset/segments/hopdaothanh_00379.wav,
hopdaothanh_00380.wav,380,hopdaothanh.m4a,16000,1,4597.77,4603.83,6.06,/content/drive/MyDrive/ASR_Dataset/segments/hopdaothanh_00380.wav,
hopdaothanh_00381.wav,381,hopdaothanh.m4a,16000,1,4604.618,4614.358,9.74,/content/drive/MyDrive/ASR_Dataset/segments/hopdaothanh_00381.wav,
hopdaothanh_00382.wav,382,hopdaothanh.m4a,16000,1,4615.05,4624.342,9.292,/content/drive/MyDrive/ASR_Dataset/segments/hopdaothanh_00382.wav,
hopdaothanh_00383.wav,383,hopdaothanh.m4a,16000,1,4626.602,4637.334,10.732,/content/drive/MyDrive/ASR_Dataset/segments/hopdaothanh_00383.wav,
hopdaothanh_00384.wav,384,hopdaothanh.m4a,16000,1,4639.946,4643.83,3.884,/content/drive/MyDrive/ASR_Dataset/segments/hopdaothanh_00384.wav,
hopdaothanh_00385.wav,385,hopdaothanh.m4a,16000,1,4644.49,4649.686,5.196,/content/drive/MyDrive/ASR_Dataset/segments/hopdaothanh_00385.wav,
hopdaothanh_00386.wav,386,hopdaothanh.m4a,16000,1,4691.85,4705.366,13.516,/content/drive/MyDrive/ASR_Dataset/segments/hopdaothanh_00386.wav,
hopdaothanh_00387.wav,387,hopdaothanh.m4a,16000,1,4706.058,4719.094,13.036,/content/drive/MyDrive/ASR_Dataset/segments/hopdaothanh_00387.wav,
hopdaothanh_00388.wav,388,hopdaothanh.m4a,16000,1,4719.562,4725.622,6.06,/content/drive/MyDrive/ASR_Dataset/segments/hopdaothanh_00388.wav,
hopdaothanh_00389.wav,389,hopdaothanh.m4a,16000,1,4728.362,4739.478,11.116,/content/drive/MyDrive/ASR_Dataset/segments/hopdaothanh_00389.wav,
hopdaothanh_00390.wav,390,hopdaothanh.m4a,16000,1,4740.682,4752.662,11.98,/content/drive/MyDrive/ASR_Dataset/segments/hopdaothanh_00390.wav,
hopdaothanh_00391.wav,391,hopdaothanh.m4a,16000,1,4753.226,4757.046,3.82,/content/drive/MyDrive/ASR_Dataset/segments/hopdaothanh_00391.wav,
hopdaothanh_00392.wav,392,hopdaothanh.m4a,16000,1,4757.834,4762.454,4.62,/content/drive/MyDrive/ASR_Dataset/segments/hopdaothanh_00392.wav,
hopdaothanh_00393.wav,393,hopdaothanh.m4a,16000,1,4763.818,4767.862,4.044,/content/drive/MyDrive/ASR_Dataset/segments/hopdaothanh_00393.wav,
hopdaothanh_00394.wav,394,hopdaothanh.m4a,16000,1,4769.802,4780.022,10.22,/content/drive/MyDrive/ASR_Dataset/segments/hopdaothanh_00394.wav,
hopdaothanh_00395.wav,395,hopdaothanh.m4a,16000,1,4781.802,4787.094,5.292,/content/drive/MyDrive/ASR_Dataset/segments/hopdaothanh_00395.wav,
hopdaothanh_00396.wav,396,hopdaothanh.m4a,16000,1,4787.754,4799.254,11.5,/content/drive/MyDrive/ASR_Dataset/segments/hopdaothanh_00396.wav,
hopdaothanh_00397.wav,397,hopdaothanh.m4a,16000,1,4799.594,4806.166,6.572,/content/drive/MyDrive/ASR_Dataset/segments/hopdaothanh_00397.wav,
hopdaothanh_00398.wav,398,hopdaothanh.m4a,16000,1,4806.922,4815.318,8.396,/content/drive/MyDrive/ASR_Dataset/segments/hopdaothanh_00398.wav,
hopdaothanh_00399.wav,399,hopdaothanh.m4a,16000,1,4815.882,4828.31,12.428,/content/drive/MyDrive/ASR_Dataset/segments/hopdaothanh_00399.wav,
hopdaothanh_00400.wav,400,hopdaothanh.m4a,16000,1,4828.458,4836.534,8.076,/content/drive/MyDrive/ASR_Dataset/segments/hopdaothanh_00400.wav,
hopdaothanh_00401.wav,401,hopdaothanh.m4a,16000,1,4837.29,4842.806,5.516,/content/drive/MyDrive/ASR_Dataset/segments/hopdaothanh_00401.wav,
hopdaothanh_00402.wav,402,hopdaothanh.m4a,16000,1,4843.498,4857.366,13.868,/content/drive/MyDrive/ASR_Dataset/segments/hopdaothanh_00402.wav,
hopdaothanh_00403.wav,403,hopdaothanh.m4a,16000,1,4857.77,4867.286,9.516,/content/drive/MyDrive/ASR_Dataset/segments/hopdaothanh_00403.wav,
hopdaothanh_00404.wav,404,hopdaothanh.m4a,16000,1,4868.266,4874.07,5.804,/content/drive/MyDrive/ASR_Dataset/segments/hopdaothanh_00404.wav,
hopdaothanh_00405.wav,405,hopdaothanh.m4a,16000,1,4874.986,4878.198,3.212,/content/drive/MyDrive/ASR_Dataset/segments/hopdaothanh_00405.wav,
hopdaothanh_00406.wav,406,hopdaothanh.m4a,16000,1,4878.794,4891.926,13.132,/content/drive/MyDrive/ASR_Dataset/segments/hopdaothanh_00406.wav,
hopdaothanh_00407.wav,407,hopdaothanh.m4a,16000,1,4893.098,4903.606,10.508,/content/drive/MyDrive/ASR_Dataset/segments/hopdaothanh_00407.wav,
hopdaothanh_00408.wav,408,hopdaothanh.m4a,16000,1,4909.034,4917.078,8.044,/content/drive/MyDrive/ASR_Dataset/segments/hopdaothanh_00408.wav,
hopdaothanh_00409.wav,409,hopdaothanh.m4a,16000,1,4917.802,4925.078,7.276,/content/drive/MyDrive/ASR_Dataset/segments/hopdaothanh_00409.wav,
hopdaothanh_00410.wav,410,hopdaothanh.m4a,16000,1,4927.306,4931.222,3.916,/content/drive/MyDrive/ASR_Dataset/segments/hopdaothanh_00410.wav,
hopdaothanh_00411.wav,411,hopdaothanh.m4a,16000,1,4933.258,4937.494,4.236,/content/drive/MyDrive/ASR_Dataset/segments/hopdaothanh_00411.wav,
hopdaothanh_00412.wav,412,hopdaothanh.m4a,16000,1,4939.37,4945.686,6.316,/content/drive/MyDrive/ASR_Dataset/segments/hopdaothanh_00412.wav,
hopdaothanh_00413.wav,413,hopdaothanh.m4a,16000,1,4948.81,4959.446,10.636,/content/drive/MyDrive/ASR_Dataset/segments/hopdaothanh_00413.wav,
hopdaothanh_00414.wav,414,hopdaothanh.m4a,16000,1,4959.626,4973.846,14.22,/content/drive/MyDrive/ASR_Dataset/segments/hopdaothanh_00414.wav,
hopdaothanh_00415.wav,415,hopdaothanh.m4a,16000,1,4974.09,4977.622,3.532,/content/drive/MyDrive/ASR_Dataset/segments/hopdaothanh_00415.wav,
hopdaothanh_00416.wav,416,hopdaothanh.m4a,16000,1,4978.506,4986.582,8.076,/content/drive/MyDrive/ASR_Dataset/segments/hopdaothanh_00416.wav,
hopdaothanh_00417.wav,417,hopdaothanh.m4a,16000,1,4987.658,4996.758,9.1,/content/drive/MyDrive/ASR_Dataset/segments/hopdaothanh_00417.wav,
hopdaothanh_00418.wav,418,hopdaothanh.m4a,16000,1,4998.058,5005.846,7.788,/content/drive/MyDrive/ASR_Dataset/segments/hopdaothanh_00418.wav,
hopdaothanh_00419.wav,419,hopdaothanh.m4a,16000,1,5006.954,5012.31,5.356,/content/drive/MyDrive/ASR_Dataset/segments/hopdaothanh_00419.wav,
hopdaothanh_00420.wav,420,hopdaothanh.m4a,16000,1,5013.898,5026.23,12.332,/content/drive/MyDrive/ASR_Dataset/segments/hopdaothanh_00420.wav,
hopdaothanh_00421.wav,421,hopdaothanh.m4a,16000,1,5026.826,5033.366,6.54,/content/drive/MyDrive/ASR_Dataset/segments/hopdaothanh_00421.wav,
hopdaothanh_00422.wav,422,hopdaothanh.m4a,16000,1,5034.698,5048.886,14.188,/content/drive/MyDrive/ASR_Dataset/segments/hopdaothanh_00422.wav,
hopdaothanh_00423.wav,423,hopdaothanh.m4a,16000,1,5049.482,5062.422,12.94,/content/drive/MyDrive/ASR_Dataset/segments/hopdaothanh_00423.wav,
hopdaothanh_00424.wav,424,hopdaothanh.m4a,16000,1,5063.434,5067.734,4.3,/content/drive/MyDrive/ASR_Dataset/segments/hopdaothanh_00424.wav,
hopdaothanh_00425.wav,425,hopdaothanh.m4a,16000,1,5068.906,5078.07,9.164,/content/drive/MyDrive/ASR_Dataset/segments/hopdaothanh_00425.wav,
hopdaothanh_00426.wav,426,hopdaothanh.m4a,16000,1,5079.434,5083.35,3.916,/content/drive/MyDrive/ASR_Dataset/segments/hopdaothanh_00426.wav,
hopdaothanh_00427.wav,427,hopdaothanh.m4a,16000,1,5084.394,5093.654,9.26,/content/drive/MyDrive/ASR_Dataset/segments/hopdaothanh_00427.wav,
hopdaothanh_00428.wav,428,hopdaothanh.m4a,16000,1,5095.178,5104.054,8.876,/content/drive/MyDrive/ASR_Dataset/segments/hopdaothanh_00428.wav,
hopdaothanh_00429.wav,429,hopdaothanh.m4a,16000,1,5104.65,5109.398,4.748,/content/drive/MyDrive/ASR_Dataset/segments/hopdaothanh_00429.wav,
hopdaothanh_00430.wav,430,hopdaothanh.m4a,16000,1,5110.058,5121.046,10.988,/content/drive/MyDrive/ASR_Dataset/segments/hopdaothanh_00430.wav,
hopdaothanh_00431.wav,431,hopdaothanh.m4a,16000,1,5122.218,5129.142,6.924,/content/drive/MyDrive/ASR_Dataset/segments/hopdaothanh_00431.wav,
hopdaothanh_00432.wav,432,hopdaothanh.m4a,16000,1,5130.378,5134.23,3.852,/content/drive/MyDrive/ASR_Dataset/segments/hopdaothanh_00432.wav,
hopdaothanh_00433.wav,433,hopdaothanh.m4a,16000,1,5135.05,5142.102,7.052,/content/drive/MyDrive/ASR_Dataset/segments/hopdaothanh_00433.wav,
hopdaothanh_00434.wav,434,hopdaothanh.m4a,16000,1,5142.954,5152.662,9.708,/content/drive/MyDrive/ASR_Dataset/segments/hopdaothanh_00434.wav,
hopdaothanh_00435.wav,435,hopdaothanh.m4a,16000,1,5153.738,5157.238,3.5,/content/drive/MyDrive/ASR_Dataset/segments/hopdaothanh_00435.wav,
hopdaothanh_00436.wav,436,hopdaothanh.m4a,16000,1,5157.962,5162.742,4.78,/content/drive/MyDrive/ASR_Dataset/segments/hopdaothanh_00436.wav,
hopdaothanh_00437.wav,437,hopdaothanh.m4a,16000,1,5170.666,5183.99,13.324,/content/drive/MyDrive/ASR_Dataset/segments/hopdaothanh_00437.wav,
hopdaothanh_00438.wav,438,hopdaothanh.m4a,16000,1,5184.65,5189.526,4.876,/content/drive/MyDrive/ASR_Dataset/segments/hopdaothanh_00438.wav,
hopdaothanh_00439.wav,439,hopdaothanh.m4a,16000,1,5189.77,5200.534,10.764,/content/drive/MyDrive/ASR_Dataset/segments/hopdaothanh_00439.wav,
hopdaothanh_00440.wav,440,hopdaothanh.m4a,16000,1,5205.93,5214.486,8.556,/content/drive/MyDrive/ASR_Dataset/segments/hopdaothanh_00440.wav,
hopdaothanh_00441.wav,441,hopdaothanh.m4a,16000,1,5216.586,5231.414,14.828,/content/drive/MyDrive/ASR_Dataset/segments/hopdaothanh_00441.wav,
hopdaothanh_00442.wav,442,hopdaothanh.m4a,16000,1,5231.946,5243.702,11.756,/content/drive/MyDrive/ASR_Dataset/segments/hopdaothanh_00442.wav,
hopdaothanh_00443.wav,443,hopdaothanh.m4a,16000,1,5243.882,5247.99,4.108,/content/drive/MyDrive/ASR_Dataset/segments/hopdaothanh_00443.wav,
hopdaothanh_00444.wav,444,hopdaothanh.m4a,16000,1,5248.65,5252.758,4.108,/content/drive/MyDrive/ASR_Dataset/segments/hopdaothanh_00444.wav,
hopdaothanh_00445.wav,445,hopdaothanh.m4a,16000,1,5254.058,5265.046,10.988,/content/drive/MyDrive/ASR_Dataset/segments/hopdaothanh_00445.wav,
hopdaothanh_00446.wav,446,hopdaothanh.m4a,16000,1,5265.482,5279.35,13.868,/content/drive/MyDrive/ASR_Dataset/segments/hopdaothanh_00446.wav,
hopdaothanh_00447.wav,447,hopdaothanh.m4a,16000,1,5280.554,5288.758,8.204,/content/drive/MyDrive/ASR_Dataset/segments/hopdaothanh_00447.wav,
hopdaothanh_00448.wav,448,hopdaothanh.m4a,16000,1,5289.994,5294.07,4.076,/content/drive/MyDrive/ASR_Dataset/segments/hopdaothanh_00448.wav,
hopdaothanh_00449.wav,449,hopdaothanh.m4a,16000,1,5295.434,5307.542,12.108,/content/drive/MyDrive/ASR_Dataset/segments/hopdaothanh_00449.wav,
hopdaothanh_00450.wav,450,hopdaothanh.m4a,16000,1,5308.01,5312.566,4.556,/content/drive/MyDrive/ASR_Dataset/segments/hopdaothanh_00450.wav,
hopdaothanh_00451.wav,451,hopdaothanh.m4a,16000,1,5313.098,5319.766,6.668,/content/drive/MyDrive/ASR_Dataset/segments/hopdaothanh_00451.wav,
hopdaothanh_00452.wav,452,hopdaothanh.m4a,16000,1,5322.698,5331.062,8.364,/content/drive/MyDrive/ASR_Dataset/segments/hopdaothanh_00452.wav,
hopdaothanh_00453.wav,453,hopdaothanh.m4a,16000,1,5331.85,5341.174,9.324,/content/drive/MyDrive/ASR_Dataset/segments/hopdaothanh_00453.wav,
